<?xml version="1.0" encoding="utf-8" ?>
<dwsync>
<file name="error_log" server="daarululuumlido.com/www/absen/" local="130980261359518314" remote="130980247200000000" Dst="0" />
<file name="blank.php" server="daarululuumlido.com/www/absen/" local="130980261359765998" remote="130978374000000000" Dst="0" />
<file name="buttons.php" server="daarululuumlido.com/www/absen/" local="130980261360038313" remote="130978363200000000" Dst="0" />
<file name="forms.php" server="daarululuumlido.com/www/absen/" local="130980261360923643" remote="130978363200000000" Dst="0" />
<file name="flot.php" server="daarululuumlido.com/www/absen/" local="130980261361189511" remote="130978363200000000" Dst="0" />
<file name="grid.php" server="daarululuumlido.com/www/absen/" local="130980261361385997" remote="130978363200000000" Dst="0" />
<file name="home.php" server="daarululuumlido.com/www/absen/" local="130980261361683640" remote="130978685400000000" Dst="0" />
<file name="index.php" server="daarululuumlido.com/www/absen/" local="130982202242567037" remote="130982202000000000" Dst="0" />
<file name="icons.php" server="daarululuumlido.com/www/absen/" local="130980261362653241" remote="130978363200000000" Dst="0" />
<file name="morris.php" server="daarululuumlido.com/www/absen/" local="130980261364989043" remote="130978363200000000" Dst="0" />
<file name="notifications.php" server="daarululuumlido.com/www/absen/" local="130980261365679443" remote="130978363200000000" Dst="0" />
<file name="panels-wells.php" server="daarululuumlido.com/www/absen/" local="130980261366276833" remote="130978363200000000" Dst="0" />
<file name="tables.php" server="daarululuumlido.com/www/absen/" local="130980261366728705" remote="130978363200000000" Dst="0" />
<file name="typography.php" server="daarululuumlido.com/www/absen/" local="130980261366988372" remote="130978363200000000" Dst="0" />
</dwsync>