<?xml version="1.0" encoding="utf-8" ?>
<dwsync>
<file name="error_log" server="daarululuumlido.com/www/absen/" local="130980261351770676" remote="130980236400000000" Dst="0" />
<file name="footer.php" server="daarululuumlido.com/www/absen/" local="130980261352025839" remote="130978701000000000" Dst="0" />
<file name="header.php" server="daarululuumlido.com/www/absen/" local="130980412965114351" remote="130980412800000000" Dst="0" />
<file name="login.php" server="daarululuumlido.com/www/absen/" local="130982198735390803" remote="130982198400000000" Dst="0" />
<file name="logout.php" server="daarululuumlido.com/www/absen/" local="130980261356761321" remote="130978669800000000" Dst="0" />
<file name="nav.php" server="daarululuumlido.com/www/absen/" local="131007645268749987" remote="131007645000000000" Dst="0" />
<file name="navtop.php" server="daarululuumlido.com/www/absen/" local="130982090803366541" remote="130982090400000000" Dst="0" />
<file name="siswa.php" server="daarululuumlido.com/www/absen/" local="130980261357472987" remote="130979293800000000" Dst="0" />
<file name="userprofile.php" server="daarululuumlido.com/www/absen/" local="130982105360979912" remote="130982104800000000" Dst="0" />
</dwsync>